{"cameraMode":{"drawMode":0,"name":"Shaded","section":"Shading Mode"},"sceneLighting":true,"audioPlay":false,"sceneViewState":{"showFog":true,"showMaterialUpdate":false,"showSkybox":true,"showFlares":true,"showImageEffects":true,"showParticleSystems":true},"in2DMode":false,"pivot":{"x":0.05212397873401642,"y":-1.131872296333313,"z":-3.728057384490967},"rotation":{"x":-0.0006519793532788754,"y":-0.9982337951660156,"z":0.05846335366368294,"w":-0.011072819121181965},"size":5.2106218338012699,"orthographic":false}